{
	"__comment": "Designed by Benfah with Cubik Studio - https://cubik.studio",
	"textures": {
		"particle": "blocks/cable/cable_wood",
		"texture": "blocks/cable/cable_base",
		"texture1": "blocks/cable/cable_wood"
	},
	"elements": [
		{
			"__comment": "Cube1",
			"from": [ 7, 0, 7 ],
			"to": [ 9, 6.5, 9 ],
			"faces": {
				"down": { "uv": [ 7, 7, 9, 9 ], "texture": "#texture" },
				"up": { "uv": [ 7, 7, 9, 9 ], "texture": "#texture" },
				"north": { "uv": [ 7, 9.5, 9, 12 ], "texture": "#texture" },
				"south": { "uv": [ 7, 9.5, 9, 12 ], "texture": "#texture" },
				"west": { "uv": [ 7, 9.5, 9, 12 ], "texture": "#texture" },
				"east": { "uv": [ 7, 9.5, 9, 12 ], "texture": "#texture" }
			}
		},
		{
			"__comment": "Cube2",
			"from": [ 6.5, 0.5, 6.5 ],
			"to": [ 9.5, 1.5, 9.5 ],
			"faces": {
				"down": { "uv": [ 6.5, 6.5, 9.5, 9.5 ], "texture": "#texture1" },
				"up": { "uv": [ 6.5, 6.5, 9.5, 9.5 ], "texture": "#texture1" },
				"north": { "uv": [ 6.5, 14.5, 9.5, 15.5 ], "texture": "#texture1" },
				"south": { "uv": [ 6.5, 14.5, 9.5, 15.5 ], "texture": "#texture1" },
				"west": { "uv": [ 6.5, 14.5, 9.5, 15.5 ], "texture": "#texture1" },
				"east": { "uv": [ 6.5, 14.5, 9.5, 15.5 ], "texture": "#texture1" }
			}
		},
		{
			"__comment": "Cube2",
			"from": [ 6.5, 2, 6.5 ],
			"to": [ 9.5, 3, 9.5 ],
			"faces": {
				"down": { "uv": [ 6.5, 6.5, 9.5, 9.5 ], "texture": "#texture1" },
				"up": { "uv": [ 6.5, 6.5, 9.5, 9.5 ], "texture": "#texture1" },
				"north": { "uv": [ 6.5, 14.5, 9.5, 15.5 ], "texture": "#texture1" },
				"south": { "uv": [ 6.5, 14.5, 9.5, 15.5 ], "texture": "#texture1" },
				"west": { "uv": [ 6.5, 14.5, 9.5, 15.5 ], "texture": "#texture1" },
				"east": { "uv": [ 6.5, 14.5, 9.5, 15.5 ], "texture": "#texture1" }
			}
		},
		{
			"__comment": "Cube2",
			"from": [ 6.25, 4, 6.25 ],
			"to": [ 9.75, 5, 9.75 ],
			"faces": {
				"down": { "uv": [ 6.5, 6.5, 9.5, 9.5 ], "texture": "#texture1" },
				"up": { "uv": [ 6.5, 6.5, 9.5, 9.5 ], "texture": "#texture1" },
				"north": { "uv": [ 6.5, 14.5, 9.5, 15.5 ], "texture": "#texture1" },
				"south": { "uv": [ 6.5, 14.5, 9.5, 15.5 ], "texture": "#texture1" },
				"west": { "uv": [ 6.5, 14.5, 9.5, 15.5 ], "texture": "#texture1" },
				"east": { "uv": [ 6.5, 14.5, 9.5, 15.5 ], "texture": "#texture1" }
			}
		},
		{
			"__comment": "Cube2",
			"from": [ 6.625, 5, 6.625 ],
			"to": [ 9.375, 6, 9.375 ],
			"faces": {
				"down": { "uv": [ 6.5, 6.5, 9.5, 9.5 ], "texture": "#texture1" },
				"up": { "uv": [ 6.5, 6.5, 9.5, 9.5 ], "texture": "#texture1" },
				"north": { "uv": [ 6.5, 14.5, 9.5, 15.5 ], "texture": "#texture1" },
				"south": { "uv": [ 6.5, 14.5, 9.5, 15.5 ], "texture": "#texture1" },
				"west": { "uv": [ 6.5, 14.5, 9.5, 15.5 ], "texture": "#texture1" },
				"east": { "uv": [ 6.5, 14.5, 9.5, 15.5 ], "texture": "#texture1" }
			}
		}
	],
    "display": {
      "head": {
        "rotation": [ -30, 0, 0 ],
        "translation": [ 0, -30.75, -7.25 ],
        "scale": [ 3.0125, 3.0125, 3.0125 ]
      }
    }
}